userName,score,at,content
Mursyid Salim,5,2023-04-11 08:11:23,Aplikasinya responsive
Geofany Galindra,5,2023-04-11 07:50:26,Bisa absen dari rumah untuk yang WFH. Pengajuan cuti dan reimburse juga bisa via aplikasi. Jadi tidak perlu ribet dan datang ke kantor lagi. Sangat mempermudah. Mantap
Iis Rosranti,5,2023-04-11 07:28:45,Good
Ari Rojali,5,2023-03-28 10:02:30,bagus
Bambang Tri Wiguna,1,2023-03-22 01:55:02,Aplikasi ga guna
Ghoiru Mamnun,1,2023-03-15 05:17:39,GPS ga akurat loading lama padahal udah akurasi tinggi dan kenapa datang tepat waktu masih aja telat
uswatun hasanah,1,2023-03-10 00:22:48,ribet
Sirli Raja4,5,2023-03-05 23:06:57,Appsensi ini sangat membantu...
Aman Gusti,5,2023-02-28 23:14:45,Tingkatkan
Sulistyawati,1,2023-02-10 00:03:39,"Datang jam 07.30 coba absen lokasi ga sesuai titik, menganalisa wajah gagal terus, belum lagi loading nya lama banget ujung2nya saya dihitung telat. Makasih banyak loh untuk kesekian kali nya !!"
Sendi Pribadi,5,2023-02-09 14:24:19,Good aplikasi
Dendri Ndima,1,2023-02-08 09:07:01,Loading nya lama
Ibnu Sopyan,1,2023-02-03 11:54:30,Aplikasi nya cacat sering lama untuk absensi ga jelas sering ga ada jadwal juga
mas bro,1,2023-02-01 02:12:09,Perlu pembenahan
Shamsi Atmadja,3,2023-01-26 04:59:09,lokasi mental2an Mulu..
G.O Escorting,1,2023-01-13 00:03:18,Aplikasi sampah selalu eror absen saat di buat
Nimbrod Suruan,5,2023-01-11 06:56:55,"Absensi online sangat positif digunakan oleh ASN yg berada di daerah signal dan jaringan listrik, cm ASN di kampung2 yg blm ada jaringan internet dan listrik tdk terpantau dgn baik. Baik sekali appsensi online saat ini..mksh."
ibaens kheyla,5,2023-01-09 14:08:03,Good job.
Rio Saputra,5,2023-01-09 06:22:00,Aplikasi absen cukup komplit & recommended selalu terupdate
Bagus smntro,5,2023-01-09 06:19:48,Good appsğŸ‘ğŸ¾
Rizal Hanafi,5,2022-12-26 00:50:53,Bagus
Muhammad Subhan,5,2022-12-24 07:45:51,Selalu luar biasaa
Yanuar Wijanarko,1,2022-12-23 00:12:40,Banyak error daripada manfaatnya
Aios Ackerman,2,2022-12-19 07:59:38,Ngelag + GPS eror
tugun sihaloho,5,2022-12-07 15:22:45,Bagus
Dimas Rinaldi,1,2022-12-07 04:42:44,Aplikasi ngga jelas harus ulang foto berkali kali bikin orang kesel...
Jimson Jimson,1,2022-12-06 12:58:34,"Aplikasi yg slalu eror dan memper rumit Absensi, datang tepat waktu selalu telat gara"" aplikasi gak jelas ini"
Rima Yulindrawati,1,2022-11-23 00:37:14,"Kesel banget, ga mengenali wajah trus. Record ulang jg gagal terus"
ADE SUSANTO,5,2022-11-16 09:29:11,Oke
aldo surado,5,2022-11-13 18:59:19,Mantapppp
Tulus s Crane,3,2022-11-09 12:30:35,Gpsny kurang cpat
Maulana Malik Ibrahim,5,2022-11-06 07:45:05,Bagus
Jani,1,2022-10-31 00:40:14,Aplikasi jelek...Liading lama..deteksi wajah lama..banyak yg datang tepat waktu jadi terlambat ngabsen gara loading dan deteksi wajah butuh waktu banyak...(nit recomended) karna Ini aplikasi sudah di kasih rate...tetapi setiap akan mengabsen tiap pagi dan sore walaupun sudah kita rate tetapi minta rate secara terus menerus....akhirnya cukup terganggu..makanya saya kasih bintang 1 aja sekalian
ACHMAD AQILIA RIFAI,3,2022-10-25 06:15:32,aplikasinya pas mau absen suka gagaal analisa wajah.
Barend Obinaru,2,2022-10-20 07:08:55,Good
Debora Nainggolan,5,2022-10-16 23:31:56,Ok
Agit Raharjo,5,2022-10-10 01:13:53,sangat membantu
Corona Virus,5,2022-10-03 23:14:14,Mantap dan terbaik
Ira Waty,4,2022-10-03 07:25:11,"Aplikasinya cukup bagus, hanya kadang penentuan lokasi yg kurang jelas"
Nizar Raff,3,2022-09-23 21:52:56,"Untuk versi 2.13 terdapat bug/error saat di gunakan oleh perangkat redmi note 11 , jadi saya terpaksa untuk gunakan versi di bawahnya ,namun pihak developer tidak menyediakan untuk fitur downgrade versi untuk menyelesaikan masalah tersebut, mohon dipertimbangkan untuk menyediakan fitur tersebut Terimakasih"
Bagus Setiawan,1,2022-09-21 10:32:30,Lemotttt
Riki Putra,3,2022-09-13 10:03:08,Masih sering eror deteksi wajah...loading nya lama
Gustaf Ferdinand,5,2022-09-12 00:03:43,"Aplikasi lemot, nyusahin"
Rohmani,5,2022-08-30 12:52:54,Bagus
Febriyan Pratama,2,2022-08-29 10:03:53,"Masih harus perlu di perbaiki, karna sering eror"
Siva Karina,5,2022-08-25 02:01:25,Mantap
Yuli setiadi,5,2022-08-19 06:00:29,Goooodd
Zahhir Alqadri,4,2022-08-15 03:51:20,Bagus sangat
Khorneles Y. Rumbarak,4,2022-08-14 02:58:36,Terbaik ğŸ™
Alvin Japa,4,2022-08-03 00:18:48,Good
Uchu Alting,1,2022-08-01 00:06:35,"Aplikasi ini masih banyak kekurangan, harus d perbaharui lagi biar mantap"
Roni M Mambraku,3,2022-08-01 00:04:01,Aplikasinya sdh bagus...tp klo bisa kedepannya di tambah fitur alarm check-in dan check out nya biar kita selalu tepat waktu check in dan check out..
IKA NUR OKTAVIA,1,2022-07-27 01:08:19,Aplikasi loading lama...
Engelbert Wader,3,2022-07-26 22:41:38,Sudah agak bagus
Ido Dwi,1,2022-07-26 00:13:35,"Aplikasi Lemot,,, loading lama... Bikin Orang Jadi Terlambat masuk kerja..."
Agus Purnomo,4,2022-07-16 12:56:28,Tingkatkan kualitas nya
Misna 96,2,2022-07-16 10:51:50,Appsensi suka error
Rusnadi Suyatman,1,2022-07-15 12:24:59,"Deteksi wajah selalu eror, saya dirugikan jadi telat absensi karena harus mencoba berkali-kali baru bisa"
Muhammad Hanafi,1,2022-07-15 00:50:52,"Terlalu ribet, memaksa diri untuk kecanggihan. Sy finger jam 7.42 baru bisa login di app ini jam 7.49 !!!"
nurapfi yani,1,2022-07-05 01:04:42,Lelet aplikasinya
Agustinus Agung,1,2022-07-04 02:10:21,Saya sudah absen pagi tanggal 23 Juni jam 05.20.. absen terrecord dengan baik di aplikasi dan diarea kantor.. tercatat saya bekerja selama 10 jam lebih dihari itu.. tiba2 di rekap petugas presensi saya dianggap tidak absen pagi.. ternyata setelah ditelurusi disebut absen paling awal harusnya jam 05.30.. jadi kalau sebelum itu ngga akan terrecord. Koq bisa? Kalau ngga boleh harusnya di aplikasi menolak absensi sebelum jam 05.30.. ini aplikasi membolehkan dan tercatat di attendence juga
nahar safira,3,2022-07-04 01:45:05,Lokasi belum update
Nelsyetahitu Nova,5,2022-07-01 08:12:28,Bagus aplikasi ini
Ronal niaga,2,2022-06-30 01:27:22,"Kurang cepat, lambat proses nya Sering erorr...masih banyak minusnya"
RISFANDHANI RIFQI,5,2022-06-29 11:17:44,Siip
Jajang kartiwan,5,2022-06-28 23:31:57,"super sekalii ğŸ‘ğŸ‘ğŸ‘ mungkin karena banyak yang absen di jam yang sama kali ya makanya setiap cek in pagi absen masuk kerja lemot, susah, lama, loading ğŸ˜© .... tp Its oke lah itung itung uji kesabaran ğŸ˜…"
Robert Edison Pardosi,1,2022-06-27 11:13:14,Lemot
sri hartiatin,4,2022-06-27 00:24:07,"Baik, tapi akhir-akhir ini sangat sulit absensi saat Checkout keluhan rekan-rekan BNPB."
Wahyu Dominggo,3,2022-06-20 01:01:37,"Gak bisa deteksi wajah, apa wajah saya berubah kah sehingga gak bisa dikenali, ini sistemnya error.. Harusnya kantor saya jangan kerja sama dengan developer nya ini.. Kedepan mohon diperbaiki sistemnya"
Riky Fuad,5,2022-06-17 12:18:10,Muantaaap
Dwiki Setiawan,1,2022-06-17 07:10:35,"Ribet lemot muka gw kaga ke detect, masa iya harus make muka monyet"
Amd Sazly,3,2022-06-16 13:35:42,"lama ,"
utuy,5,2022-06-15 23:31:40,"terima kasih atas balasanya, semoga app ini semakin baik & berkembang lebih maju..."
Harry Yulianto,3,2022-06-15 01:43:35,Masa aplikasi gak support di semua merk hp
Dhifa Dhia,5,2022-06-13 04:35:25,Klw bs ada notifikasi untuk mengingatkan jam absen
Eka Saputra,3,2022-06-08 10:14:46,3 dulu kalo cakep tambah
ranthynadya ranthynadya,1,2022-06-08 05:03:20,"Aplikasi ini masih banyak kekurangan nya, seperti pengenalan wajah yg error, loading aplikasi yg sangat lama, pengisian aktivitas yg sering error, ada tipe hp yg tidak compatible dengan aplikasi ini, slip gaji yg tidak bisa dilihat."
Ahmadi,5,2022-06-07 09:19:13,"Yth. Bagian Appsensi. saya tidak bisa check in, pas mau foto wajah. Map lokasi tidak bisa hilang. Sehingga tidak bisa lanjut cek suhu. Akhirnya tdk bisa absen. Solusinya bagaimana??"
La Yani,2,2022-05-17 22:45:38,SÃ¡fÅ•Ä‡6
Bayu Coulin,1,2022-04-14 00:48:20,"Bodoohhh, mau absen aja susah bener buang2 wktu smpe telat"
Muhamad Rapli ramdani,5,2022-03-23 16:35:27,Sangat Baik
EGY DT,1,2022-03-17 04:40:52,saya sering telat masuk kerja. dikarnakan loading yang sangat lama.
Nopi Apriyani,1,2022-03-10 00:42:42,"Haduh sampe banting hp cuma gara"" wajah ditolak terus,suruh perbaiki lokasi terus sampe cape.kadang udah 2 hp gk bisa juga absen"
Annissa Rahmah,5,2022-02-23 11:40:44,good app
Nuritia Ramadhani,5,2022-02-23 09:12:49,Mantap
Khaerul Anwar,5,2022-02-23 01:06:58,Siap
Aolia Rahman,5,2022-02-16 06:56:30,Sangat oke dan efektif
Hikmah Hikmah,5,2022-02-13 01:10:21,Ok
alif ramadhan,4,2022-02-10 09:47:21,Kadang suka error
Choky 1505,5,2022-02-10 09:31:24,Oke tapi sering lemot
hapy kill,1,2022-02-07 01:07:16,"Payah, susah bener identifikasi wajah..."
Gabrud Yaul,2,2022-02-05 05:05:05,Untuk absen susah loadingnya lama banget
Afif Aliftian,1,2022-02-03 06:25:24,Sampah
Fadil Himawan,5,2022-01-25 03:29:30,"Easy to use, clean UI and simple. So far best attendance i've ever use"
Rachman Apriansyah,5,2022-01-24 12:17:53,"App bagus dan memudahkan kita untuk absensi, semoga bisa berkembang lebih maju dan baik lagi."
Satria Oktavian,5,2022-01-24 11:28:35,NICE APPSENSI
Rio Anugrah,3,2022-01-24 10:12:05,tidak bisa menggunakan kamera Selfi
Farid Jumhuririzqi20,5,2022-01-21 00:08:38,Mantaaaaaaaaaaap DHA xg buat in aplikasi
Bowo Bantul,5,2022-01-20 09:11:03,Kasih bintang 5... Sudah bagus sakarang
rizki iskandar,4,2022-01-20 02:39:11,Saya masih uji coba aplikasinya
Primra Fakhda,2,2022-01-13 11:46:18,Gak sensitif... sering gagal mendeteksi wajah.
Mohamad Sopiandani,4,2022-01-13 10:12:20,Cukup baik dan membantu..
Widiyatno M,5,2022-01-13 08:35:52,Terima kasih sudah ada respon dan ada perubahan
syaiful munir,5,2022-01-10 00:05:14,siiiip sangat membantu
Trisna Ariawan,5,2022-01-08 10:17:44,ğŸ‘ğŸ‘ğŸ‘
Dcrepes Megamallmanado,5,2022-01-08 06:46:44,Good
Suseno,5,2021-12-29 13:40:20,Good bagus.
Fajar Istiqfar,3,2021-12-28 10:05:30,GPS nya sering ngelag dan lari2
adil laman,5,2021-12-24 11:48:45,Good
Amie Bali,5,2021-12-24 02:29:44,Setuju menggunakan app ini..
Nacita Sorong,5,2021-12-21 06:51:13,Sistem appsensi yg sempurna kami bangga menjadi bagian dari pemda raja ampat
elfi purnamasari,5,2021-12-15 08:12:55,Bagus
Arif Cokro,1,2021-12-15 00:27:38,"Biasa aja, kebanyakan minta penilaian"
Cover Depan jakarta,1,2021-12-14 11:36:43,"Minta rate melulu,..."
Siti Aulia,5,2021-12-14 01:04:18,Good
Andreyant Gmmc,5,2021-12-10 07:11:08,Ok
JUNO_juni,3,2021-12-07 00:53:49,Lamban
Kings Plaza,5,2021-12-04 05:02:28,Hadelah
Octafia Putri Yuwono,4,2021-12-02 00:50:35,So far oke
andryan m,2,2021-12-01 10:28:08,"Good application but I cannot edit or correction my name, edit menu just can change photo profil, cannot edit full name"
Andri Setiawan,4,2021-11-29 01:07:57,"Sangat bagus dan memudahkan pegawai untuk absensi diera dijital, namun harus ada site untuk memasukan surat tugas apabila ada tugas dinas luar. Terimakasih."
Joanda,1,2021-11-28 06:50:13,Jangan didownload
M.RIZKY ANANDA,5,2021-11-28 04:43:54,Mantep dah
Ina Aripianti,5,2021-11-28 01:18:00,Bgs
Dede Solehudin,5,2021-11-25 23:50:32,Bagussd
nur khasanah,1,2021-11-25 00:41:17,Sering telat msalh foto harus di update2 terus terusan bikin apsensi kurng bagus loding lama.udh Acc yg pd lembur tp di ket rekan2 yg pengajuan lemburan msh blm ad ket Acc ğŸ˜”
Timo Freeman,5,2021-11-25 00:23:59,Luar Biyasaaaa
Bayu Putra,3,2021-11-24 11:18:26,Agak Lemot
Sandi Hartono,5,2021-11-23 11:43:38,Memuaskan
Ari Ervanto,5,2021-11-23 10:40:03,Easy and simple
praditya muftiadhi,1,2021-11-23 01:36:04,udah di kasih rate masih aja minta rate terooosss!!!!!
Jeon Nafhan97,3,2021-11-23 01:03:43,Scan wajah sering gak jelas apknya bikin lama
yusmantrac hadi,5,2021-11-23 00:11:42,Sangaaat membantu dalam kehadiran kerja .terimakasih appsensi mempermudah semua urusan kerja
Alzam Robbany,4,2021-11-22 07:21:55,"Muter muter aja, sampai terlat jam masuknya"
Agik Sis,1,2021-11-22 03:06:02,"Absen berkali-kali susah masuk, setiap update ada aja masalah, pesan rate masih terus muncul"
Faustina - Tita Putri,3,2021-11-22 00:59:46,Lemot
Fresman Nuel,4,2021-11-21 22:39:27,Bagus sih
riki thomas,4,2021-11-20 03:25:31,Masih lambat untuk membuka aplikasi absennya
Little Human,5,2021-11-20 01:10:11,ğŸ‘Œ
pure mature,5,2021-11-19 23:56:40,Mantap
dhayat ndutz,1,2021-11-19 22:01:51,"Aplikasi tolol,menganalisa wajah gak bisa-bisa,"
Anita Puspitasari,4,2021-11-19 13:25:31,Lumayan bagus
Tri Setyawan,1,2021-11-19 12:34:24,Loadingnya lama
heri wibawa,5,2021-11-19 11:00:05,â’·â“â“–â“¤â“¢.....
Idi Carsidi,5,2021-11-19 10:20:52,Bagus sekali mempermudah absen dan selama memakai aplikasi ini blm ada kendala...
Novi Ati Handayani,5,2021-11-19 07:30:59,Bagus
Puji Mulyani,5,2021-11-19 06:51:43,Aplikasi kadang error...jd telat gegara lemot
Amar Mardiansyah,5,2021-11-19 01:29:06,Good
SURIANI S.E,5,2021-11-19 00:28:45,Ok
Hil 1997,5,2021-11-19 00:13:29,Mantap
mochamad dennis,1,2021-11-18 23:02:37,Minta penilaian terus
Subagyo Bae,5,2021-11-18 22:42:44,Sangat membantu tpi kadang titiknya gk pas
Subejo Purnomo,5,2021-11-18 10:56:48,"Udh nge rate di suruh Teroos ngab , tuh bintang 5"
Sutrisno Trisno,5,2021-11-18 10:12:56,Top
Qomar All Farrysz,3,2021-11-18 10:10:33,Ok
David Eka Sinta,1,2021-11-18 09:27:08,Untuk pengenalan wajah kenapa tidak bisa ya? Aplikasi sudah saya update tapi tetap tidak bisa melakukan scan wajah. Harap segera di perbaiki
dodik nofiyanto,3,2021-11-18 08:42:12,"aplikasi lemot mass...susah koneknya...selalu muncul penilaian pdhl sudah saya nilai (nek mbiji terus, suwe2 koyo guru aku mas2)"
Ferry gara2vespa,3,2021-11-18 05:54:40,Okeh
Nia Khoeru,5,2021-11-18 02:35:57,Enak
syukri lazuardi,4,2021-11-18 01:58:46,Aplikasi yg baik...
Embong Relamediatama,4,2021-11-18 01:46:46,Kadang lama masuk nya
Mama Fedya,4,2021-11-18 00:34:39,Terkadang masih sulit untuk mendeteksi foto dan lama membuka aplikasinya
Wahyu gunawan,5,2021-11-18 00:11:56,Sudah oke
Amang mansur â€œCaxra Buanaâ€ How akbar,4,2021-11-17 23:48:39,ğŸ‘bagus
MADUN Romadon,5,2021-11-17 23:41:24,Bagus walau trkadang sulit untuk apsen.
Ahmad Matin,5,2021-11-17 23:08:25,Tambah kerreeeen
Akhmad Fauzi Driver,2,2021-11-17 14:34:35,rate trusssssss....
danny eriqal,5,2021-11-17 10:06:12,Mantul
Samsul Sul,5,2021-11-17 09:48:44,Oke mantap
Ghany Nasution,5,2021-11-17 09:32:52,Udah yee
Secring Roesdiana,5,2021-11-17 09:23:28,Mantap
Alfa Alfarabi,1,2021-11-17 08:56:49,"Susah deteksi wajah, Kalau bintang 1 minta edit review kluar waktu appl di pakai"
Dcrepes Ciplaz,2,2021-11-17 05:17:55,Aplikasi apaan loading tryss
Wahyu jodi,5,2021-11-17 01:16:18,Good
A Yuni,1,2021-11-17 01:05:51,Lemottttt suka eror nyari lokasi dan analisi wajah
aldi fariski,1,2021-11-17 00:58:03,Not good
Dewi 4asus,5,2021-11-17 00:52:44,Bagus
johan frans,1,2021-11-17 00:41:20,Lemot sangat...tolong tingkatkan... beberapa kali aplikasi mengulang-ulang
Saini Saini,5,2021-11-17 00:22:23,Good...
liya ramlan,5,2021-11-16 23:38:56,Ok
Andika Ardiwianto,1,2021-11-16 22:51:17,Minta rating seperti memaksa
Suyoso Suyoso,5,2021-11-16 14:06:54,Good
krisna irawan,1,2021-11-16 10:40:06,banyak bug
Tien Else,5,2021-11-16 10:22:45,Good
Adhi Dwiriyanto,4,2021-11-16 10:13:02,Lumayan bagus ..terkadang suka error
Feybenetti Loho,5,2021-11-16 10:01:44,Ok
afiifun marjaana,5,2021-11-16 09:07:21,Oke
nike,5,2021-11-16 08:35:50,Mudah di gunakan
Rusdi Allolangi,5,2021-11-16 04:06:15,Aplikasi kekinian keren
Cewex As,5,2021-11-16 02:52:50,Sangat bermanfaat dan memudahkan kami dalam hal absensi
Anwar Anwar,5,2021-11-16 01:53:31,Ok
Jairi Dsadiz,5,2021-11-16 01:28:20,Mantap
Dadan Ris,5,2021-11-16 01:06:50,Cukup membantu
Neng Halimah,1,2021-11-16 01:04:02,Kecewa tiap kali absen wajah ditolak
Indie Music,3,2021-11-16 00:52:43,Masih suka error' GPS nya sama kadang fotonya try again mulu
Ranto Nelwan Tambunan Lp,5,2021-11-16 00:47:04,Sangat membantu terutama pada saat kita tugas luar
Fajar Saputra,5,2021-11-16 00:33:45,Nice
edho Jithaki Mandiri Las,5,2021-11-15 23:51:44,Oke aplikasi nya
suroso Abdillah,4,2021-11-15 23:14:43,"Baik, kadang lemot"
Indra Safara,5,2021-11-15 22:56:15,Update
Eben Ezergsms,1,2021-11-15 19:24:16,Bagus
Nurdinluthfijack 148,5,2021-11-15 15:29:24,"Aplikasi nya ok, cara kerja nya ok, ada tapi nya suka erorr pada waktu absen in or out,.harus berulang2..knapa ya Sekarang minta rate terus setiap mau buka App atau absen plng,,,,"
M. Ilham Maulana,5,2021-11-15 14:52:15,Bagus
Daffa Satriawira,5,2021-11-15 12:07:26,ğŸ‘ğŸ‘ğŸ‘ğŸ‘ğŸ‘
irwan Nugroho,4,2021-11-15 10:06:26,"Ketika menggunakan wifi, seringkali aplikasi tdk berjalan dgn baik"
Iyus Sudriana,3,2021-11-15 08:50:00,"Udah di rate, kok masih nagih?"
Dani Haryadi,3,2021-11-15 07:20:09,Kadang lama loadingnya...
Dian S,4,2021-11-15 06:37:30,in the good
Stiven Sambur,5,2021-11-15 04:49:36,Mantap
asep noorman,5,2021-11-15 02:33:03,Nice banget
riza novrizah,5,2021-11-15 01:35:50,Bagus
Dwi Erwan,4,2021-11-15 01:27:50,Ok
eddy prayitno,4,2021-11-15 01:27:39,Kadang2 deteksi wajahnya harus berulang2
Bang Opick,5,2021-11-15 00:16:53,Oke mantap
Yoga sandra,5,2021-11-15 00:00:22,Bolehlah
Yulia Sari,5,2021-11-14 23:32:18,Ok
ikhlasul amal,1,2021-11-14 22:03:29,GPS aplikasi sering eror
Maria Ulfah,5,2021-11-14 02:56:14,Absen suka Eror maps nya
Sanyoto BejaseNusantara,2,2021-11-13 16:54:12,1. Makan waktu 2. Deteksi wajah lama 3. Absen WFH remlong 4. Klaim lembur dmn ya?
Dhio Julio,5,2021-11-13 13:30:47,Sangat bermanfaat dan membantu saya dlm bekerja
Muhammad Syarif Husin,5,2021-11-13 13:20:17,cukup impressed walaupun masih perlu beberapa hal perbaikkan..
Janwar Hikmatullah sas,4,2021-11-13 11:46:33,Terkadang susah masuk ketika menggunakan WiFi
n huda,5,2021-11-13 10:06:50,Nice aplikasi
oblo singkat,4,2021-11-13 08:51:18,Bagus
Endang Suwarni,5,2021-11-13 07:31:48,Bagusss
Sak Jhoshe,2,2021-11-13 02:00:31,Bagus
irman hadji putra,3,2021-11-13 00:32:56,Lumayan
Susan Maharani,5,2021-11-12 23:47:51,"Bagus, tingkatkan lagi fotonya supaya tidak ngulang terus"
Samuel Tampubolon,5,2021-11-12 22:59:53,Ini udah dikasih rating kok masih minta rating juga di aplikasinya? Ganggu!!
surawan mawan,2,2021-11-12 16:31:07,Josssss
Dekso Eng,5,2021-11-12 14:55:46,Sangat membantu bahkan setelah di Update makin tambah mantap.........sukses selalu buat pengembang
Mahmud Fauzi,1,2021-11-12 12:39:35,"Minta rate melulu, kayak iklan..."
Dodi Yuleova,4,2021-11-12 11:37:35,Mantap
dodik penalosa,5,2021-11-12 11:21:20,The best
Alfian Putra,1,2021-11-12 10:22:05,Bad hp gw leg
Direktorat Strategi Bnpb,1,2021-11-12 10:21:34,Kebanyakan minta di rate
Edi Sunaryo,5,2021-11-12 10:17:22,"Keren,,membantu sekali dalam situasi pandemik seperti sekarang iniğŸ‘"
Syaiful Bachry,5,2021-11-12 10:07:53,Mantap
sri hartiatin,5,2021-11-12 09:04:07,Baik sekali.
Benny Tamba,5,2021-11-12 08:39:33,Bagus
Dani Kismianto,5,2021-11-12 08:30:44,matab
Marsaulina Dara,5,2021-11-12 01:48:12,"Masa waktu rekam muka gk kedeteksi, emang hantu apa"
Festival Citylink,5,2021-11-12 00:47:54,Bagus
Sugianto Sugi,5,2021-11-12 00:38:26,Akurat sekali
Pucuk Astor,5,2021-11-12 00:19:05,Baik sekali alpikasi appsensi
Imokta Chanel,5,2021-11-11 23:27:37,"GPS lu ngaco ngab,masa gw absen di parkiran motor halaman kantor GPS nya malah di tempat lain udah gitu tombol absenya sering muter2 kagak jelas bikin absenan telat terusğŸ¥±"
M.Hairul Anwar,5,2021-11-11 23:10:51,Mantab....
Pur Purnomo,3,2021-11-11 11:29:38,Loudingnya kok lama
akwila anugrah,5,2021-11-11 11:23:57,Oke
edmon dantes,5,2021-11-11 10:44:58,Ok
Budy Wasono,5,2021-11-11 10:08:41,"Ribet, minta rate truz"
mehdy die,5,2021-11-11 09:59:18,ok
Febri Cross,2,2021-11-11 09:55:40,Aplikasi ngak jelas
Arkhan Fariz,3,2021-11-11 09:00:37,"Aplikasi jelek , minta rate melulu , pengambilan gambar yang kurang cepat"
Chairil Suganda,1,2021-11-11 02:10:23,Kadang lelet loading
ronald wuisan,5,2021-11-11 02:09:39,good
Ecko Purwanto,1,2021-11-11 02:02:15,Verifikasi muka sulit
Nurdiyono,5,2021-11-11 01:45:23,Good
Wahyu Subekti,5,2021-11-11 01:12:15,Good
Usman Andarosty,5,2021-11-11 00:54:00,Gampang ngabsen dg appsensi
r,1,2021-11-11 00:49:16,"So bad. Berkali kali harus mengenali muka,,, selalu begitu setiap hari hingga berpuluh2 kali baru bisa... tolonglah di update gitu"
yunia eka,4,2021-11-11 00:43:40,"Klo update suka logout sendiri,, tp okelaah,,"
ADE TYABARA SAPUTRA,5,2021-11-11 00:34:45,"Minta rate terus, aagat menganggu"
Ahmad Fathoni,1,2021-11-11 00:21:23,"Minta rate mulu, bikin ribet"
Catur Wiwin Handayani,5,2021-11-11 00:20:30,Good
Qpot 701,4,2021-11-11 00:16:37,Mantab ....
Endang Ruchyadi,5,2021-11-11 00:10:53,Good app
hafidz lail,5,2021-11-11 00:09:46,Goodluck appsensi..
Surya Tea,5,2021-11-11 00:01:41,Bagus dan tepat Ada nya absensi ini jadi mempermudah absensi
Agus Hariadi,3,2021-11-10 22:35:37,Wajah susah rerdeteksi
mochamad Andrian Syawaludin,4,2021-11-10 17:49:16,Apk error mulu
arif ramdannn,3,2021-11-10 14:13:47,No comen
rendhy mahardika,5,2021-11-10 13:51:09,Jooooossssss
abadi maulana,4,2021-11-10 13:32:29,"Masih suka loading, waktu pengambilan gambar"
Hendrizal St. Batuah,5,2021-11-10 12:03:56,Mantap
agustiningsih nono,5,2021-11-10 12:02:14,Bagus
dadang romansyah,5,2021-11-10 11:44:43,Ok
BUATBELITELOR,5,2021-11-10 10:28:18,Kren
Rizal Fauzan,5,2021-11-10 10:07:34,Bagus
Chandra Ps,5,2021-11-10 10:05:34,Biar bintang yg menjawab.... ğŸ˜
Jie Irwan,5,2021-11-10 10:05:00,Mantap n bermanfaat pp
Khaerul Anwar,5,2021-11-10 10:03:08,Kabagus
setyo handayani,1,2021-11-10 09:46:16,Bosen
Okii Eriiyanto,5,2021-11-10 02:45:24,Tinggal kan lagi performa dan keunggulan
Fahmi Assady,5,2021-11-10 01:35:01,sangat membantu dalam absensi
lightofspectral,2,2021-11-10 01:27:32,"B aja, sering eror nentuin titik mapsnya"
Asrini_19 Official,5,2021-11-10 00:55:14,Bagus bgd mempermudah
Novita L Sara Harahap,2,2021-11-10 00:50:45,"Uda 3 kali saya rate, kenapa muncul terus rating request nya? Sangat menggangu loh. Apa sih ini saya ga suka ya."
Rian Agusta,2,2021-11-10 00:36:12,setiap mau absen masa minta rating terus. klo sinyalnya ga kuat loadingnya berat
Yoes Roes,1,2021-11-10 00:33:30,1.Foto face susah mesti ber ulang Membuat absen jadi merah / telat 2.aplikasi sontoloyo..bikin emosi.. 3.emosi tingkat dewa !!!!!!!!!!!!!!!!!!!!
Dhini Anggraini Anggraini,5,2021-11-10 00:16:58,Bagus
Aksoni Akbar,5,2021-11-10 00:01:22,Bagus aplikasi naya
Agus Sulasno,5,2021-11-09 23:55:02,Sangat membantu
Lukman Nuri,4,2021-11-09 23:44:37,Lumayan bagus
Yayan yohana,5,2021-11-09 23:30:53,Mantappp
Putri Intan Magic,4,2021-11-09 23:10:43,Lumayan
Senju Hashirama,3,2021-11-09 22:44:20,Lebih di optimalkan.
Trinity Maitimu,5,2021-11-09 22:30:25,Aman
M Marson,1,2021-11-09 22:22:50,Tolong lah perbaiki terkait rekam wajah
Yessy Irish Friskasari,5,2021-11-09 22:20:46,Good
Ahmad Faris,5,2021-11-09 14:15:25,bagus
Rus Dw,5,2021-11-09 12:10:35,Mantap
Nalya Herlina,4,2021-11-09 12:03:23,ribettt
Rizki Satria,5,2021-11-09 11:23:11,Canggih
hr pard,4,2021-11-09 11:09:37,Keseringan minta rate
Romy Alfadil,4,2021-11-09 10:54:16,Abis update ngak bisa check in lgi.. malah muncil location office not found.
Fahri Septian,5,2021-11-09 10:21:44,Ok Good
huta kusmansar,5,2021-11-09 10:17:11,Sering ga bisa absent
surya blora,5,2021-11-09 10:00:50,Jos
Iwan Setia,5,2021-11-09 10:00:38,Baguss
dcrepes tenggilis,5,2021-11-09 09:10:41,Sering trouble
Lusiana Ana,5,2021-11-09 09:08:28,Good
Hae Tami,2,2021-11-09 08:59:18,Terlalu lama waktunya/lelet
Lukman hakim Hakim,4,2021-11-09 08:38:26,Bagus
mis zai,5,2021-11-09 08:03:03,oke
Heri Yono,4,2021-11-09 05:40:50,Siip
yulia sari,5,2021-11-09 05:15:56,Keren
riski agustina,5,2021-11-09 04:18:09,Bagussss sekali
Jovar Dian,4,2021-11-09 02:18:55,Baik
"Muhammad_ Patuan_Hasibuan_S.E., Ak",5,2021-11-09 01:51:47,Good
dewi mayasari,5,2021-11-09 01:34:19,"Bagus, semoga aplikasi bermanfaat"
Trubus Online,2,2021-11-09 01:06:15,Biasa
winner chanel,2,2021-11-09 01:06:01,Bagus
Noldy Kembuan,5,2021-11-09 00:57:01,Appsrnsi sangat baik tapi kendalanya apabila tidak punya data
BuNNy 0205,5,2021-11-09 00:54:20,Membantu
Muhamad Fajar,3,2021-11-09 00:39:45,Kadang udah absen tapi gak ke record alhasil daripada ribet ngajuin cuti sekalian
syavera syavera,5,2021-11-09 00:29:53,Ok
Lino Hadisunarto,5,2021-11-09 00:24:01,Mantap dan lancar
erwin kuyung,5,2021-11-09 00:21:59,"Harus di tingkatkan lg jaringan nya,, sering terjadi error'"
Sri Ckrg,5,2021-11-09 00:12:01,Sangat bagus
Yahya May Sapta Madya,5,2021-11-09 00:11:44,Sistem Absensi yang baik
Mr.Y,1,2021-11-09 00:02:30,B aja dikasih rate jelek malah ngbug mntk rate trus. Lol
ricki yanto,5,2021-11-08 23:47:20,Baik
Everson Mumu,4,2021-11-08 23:14:56,ğŸ‘
Adam Malik,5,2021-11-08 12:05:15,Baguss
Purnama Syarif Nasution,3,2021-11-08 11:43:14,Kadang2 agak susah absen
pilatus 55,5,2021-11-08 11:35:19,Sangat membantu
Sutarman Mujiono,5,2021-11-08 10:14:15,Good job..lupa kata sandi??bagaimana caranya agar bisa mmbuat kata sandi baru..
Rendra Hardianto,5,2021-11-08 09:49:01,Oops
Eka Rosiana,2,2021-11-08 09:35:57,"Uda minta update, uda d update..eehh tetep aja lemot saat foto ga lngsung bisa, bikin jadi telaaat padahal sinyal oke, ngabisin space memory aja.."
Achiem Menclok,5,2021-11-08 09:22:24,Aplikasi yaa sangat bagus
Muhammad Rusman,2,2021-11-08 09:20:33,Aplikasi nya terlalu berat dan lelet
M Saliman,5,2021-11-08 08:29:22,Membantu sekali dalam absensi
Wartoyo Wartoyo,3,2021-11-08 08:25:39,Harusnya dibikin 2 shif.shif pagi dan shif malam.
Dasiman 79,5,2021-11-08 07:55:57,Bagus cuma kadang kadang eror
Lia Marliani,2,2021-11-08 07:44:55,Aplikasi loading
joko purnomo,1,2021-11-08 07:40:30,Aplikasi sering error
muhammad harisa,5,2021-11-08 02:33:10,Mantap
Grafiko Grafiko,5,2021-11-08 02:09:56,Good
Adnan Syahrulloh Saputra,5,2021-11-08 01:52:48,Nicee..
retno hasyano,3,2021-11-08 01:46:21,bagus..cuma suka eror
Angngelya,5,2021-11-08 01:05:47,Sipppppppp
Khairul Rahmadan,4,2021-11-08 00:47:48,Kadang erorr
sekretaris Deputi 5,5,2021-11-08 00:38:41,Sensitivitas deteksi wajah diperbagus lagi dong sering loading lama
Tommy muhamad hamnas Hamnas,1,2021-11-08 00:36:16,"Sangat buruk buat absen mukanya, wajah saya di tolak terus berapa puluh kali..hadehh tolong di perbaiki"
Richson L P Sinaga,5,2021-11-08 00:32:33,Good
suswanto anto,3,2021-11-08 00:32:24,Bagus
Hari Susanto,5,2021-11-08 00:21:22,Mantasssppp
Enung Patimah,5,2021-11-07 23:52:56,Bagus dan mantap
Shaufi Sofian,3,2021-11-07 23:45:13,Ditingkatkan lagi
rizal djami,5,2021-11-07 23:33:21,ğŸ‘ğŸ‘ğŸ‘ğŸ‘ğŸ‘ğŸ‘
Oka Tutde,5,2021-11-07 23:15:45,Bagus
Agus SR,5,2021-11-07 15:07:33,Good
gunawan widiyanto,5,2021-11-07 12:24:35,sangat membantu
dcrepes suryasumantri,5,2021-11-07 11:21:25,Good apk
sulaiman mukhtar,2,2021-11-07 06:36:53,Kok malah parah
Putra Bima Channel,5,2021-11-07 01:51:18,Josssshhhh
Dian Saleh,1,2021-11-06 23:58:04,Loading terus
sadih,2,2021-11-06 13:43:54,Lokasih tdk akurat
combi playground,5,2021-11-06 13:01:52,good
Amarulloh AR,5,2021-11-06 11:49:26,okeeee
herdi rizki nugraha,3,2021-11-06 09:37:13,Kadang lelet & sering minta survei
Acep Riswandi,4,2021-11-06 09:16:12,cukup baik ğŸ‘
Affandy Rizal,1,2021-11-06 05:46:10,Minta rating terus padahal sudah di kasih reting
bambang hermawan,4,2021-11-06 02:58:55,Good
Didin Wahyudin,5,2021-11-06 01:55:30,"Tingkatkan lagi kepekaan dalam mengakses foto yaa, soalnya suka loading lama setelah memfoto. Jadilah aposen terbaik, jangan sampe pengguna kecewa dengan aplikasi ini?!!!"
kusumocipto86,4,2021-11-06 01:48:30,Sayang nya gps nya suka ga akurat beberapa meter
Jerry Bandil,5,2021-11-05 23:27:11,Mantap
Kristiani lay,4,2021-11-05 23:13:08,Mantap
zulfikri usman,4,2021-11-05 22:13:08,mantap
Apriansyah,5,2021-11-05 22:02:22,ok
iky faisal,5,2021-11-05 15:51:03,Bagus
Juser Kendari,3,2021-11-05 13:27:46,Di ktr baru jaringan kadang lambat
Deden Kurniawan,5,2021-11-05 12:36:31,Aplikasi yang mudah
Agus Kediri,3,2021-11-05 12:18:22,Bagus sekali
BetBerebet Waw,5,2021-11-05 12:15:06,Mantaaps
Sigit Mulyadi,3,2021-11-05 11:53:27,Work from home
muhammad fathurrazi,1,2021-11-05 11:33:18,Ok
Dwi Izzati,4,2021-11-05 10:34:37,App ini lumayan bagus
Anang Wijaya,4,2021-11-05 10:00:59,Kadang bisa
Baharuddin Baharuddin,5,2021-11-05 09:48:07,Terima kasih
muhamad rizzi,5,2021-11-05 09:43:28,Mantap
rambat adi,5,2021-11-05 09:30:08,Good
Upik Khairat,4,2021-11-05 09:20:44,Kadang suka error
Septa Diana,5,2021-11-05 07:30:15,Baik
Vian Nina,5,2021-11-05 03:38:58,Aplikasi yang bagusssss
Jajat Suarjat,5,2021-11-05 03:12:30,wajah gak bisa dikenali
Paduan Suara Tak Terlihat,3,2021-11-05 01:27:25,Jos
Ihsan Abyan,3,2021-11-05 01:21:28,minta di rating mulu
Poppy Suandi,1,2021-11-05 01:04:08,absen selalu gagal.. dan selalu gagal..
achmad nurhadi,5,2021-11-05 00:57:14,Okee
Supra Yitno,4,2021-11-05 00:54:10,Mantap
axl Ty ariestty,4,2021-11-05 00:53:41,Gps suka slah
Dwi Haryanto,5,2021-11-05 00:28:51,Semoga lebih baik
Mayrizal,3,2021-11-05 00:14:36,Aplikasi yg sangat bagus dan Mempermudah dalam melakukan appsensi
Vibe Plus,5,2021-11-05 00:10:12,"Bagus, sangat membantu"
Dida Permadi,4,2021-11-04 23:21:52,Semangat Untuk Memperbaiki dan Maju
Erwin Lobo,5,2021-11-04 22:44:36,"Absensi ini sangat baik, dan membantu memudahkan kita yang memakainya..."
Akbar Segeri,5,2021-11-04 22:08:41,Mantap
arwah aja orangsuccess,5,2021-11-04 22:08:36,Good good good terpaksa
dcrepes tsmbandung,1,2021-11-04 15:31:18,Lemot sangat
Exo Triz,5,2021-11-04 13:51:57,Ok
Udindaengsilah Daeng,5,2021-11-04 12:18:04,Ok
hendra ardiansyah,5,2021-11-04 11:17:18,Mohon diperbaiki untuk GPS ny kurang akurat
Paku Joyo,5,2021-11-04 10:33:51,Jos
Dcrepes Sharelockbandung,5,2021-11-04 09:40:54,Bagus
Castamano Hidayat,5,2021-11-04 09:36:38,Mantapbsks
Pekik pristanto,2,2021-11-04 09:05:02,Kebanyakn eror
agus ramdana,5,2021-11-04 09:04:07,Bagus Tapi suka agak error
alvaro nailake,5,2021-11-04 06:21:31,Sangat membantu
Ahmad Zuhri,5,2021-11-04 05:43:44,terbaik di regional
Catur Bagus Windu Saputra,1,2021-11-04 03:47:36,sering error saat check in dan check out
Ibnu Asur,5,2021-11-04 01:10:39,Mantap
Dwi Ary,1,2021-11-04 00:58:59,Lambattttttttt
Niko tri leksono,2,2021-11-04 00:57:02,Susah untuk face nya
Aditya Pratama,2,2021-11-04 00:50:45,Suka tidak bisa absen
Linda Fara Yunita,5,2021-11-04 00:32:12,Baik.. sangat berguna untuk mengetahui kehadiran karyawan
David Varianto,5,2021-11-04 00:22:54,ok
Aris Prastiyo,5,2021-11-03 23:46:05,Bagus
Erwin Saleh,4,2021-11-03 23:45:07,Lumayan lahğŸ˜…
masturi turi,5,2021-11-03 23:36:04,absensi ok
some buzz,5,2021-11-03 14:34:48,Bagus
Ronaldmen Sitanggang,5,2021-11-03 12:19:48,"Cukup baik, hanya bila koneksi menggunakan wifi, sering lebih lama bila menggunakan paket data HP"
H Hsupriyadi,5,2021-11-03 12:02:10,Kadang susah waktu foto g masuk-masuk
brendy scout,5,2021-11-03 11:48:47,Mantapp
Ahmad Lahum,3,2021-11-03 11:00:16,"Bagus lah, meski wajah sering gk di akui karena error."
Mardita Prasetiyaces,4,2021-11-03 10:17:03,Lokasi appsenya tidak akurat
Alfiyana Vhiand,5,2021-11-03 10:08:05,Baik
Ziky Sogetra,5,2021-11-03 10:07:36,Good
IshaM _162,4,2021-11-03 09:22:40,aplikasi berat setiap chek in loading nya lama padahal jaringan bagus
Nurdin Arif,5,2021-11-03 09:04:11,"Smoga ke depannya, memiliki fitur lebih lg."
erfin firdaus,5,2021-11-03 09:03:14,Good job
papadoll aca,5,2021-11-03 08:25:40,Good..
Hafidz Alharist Annam,5,2021-11-03 02:31:04,Mantap
Filly Filly,1,2021-11-03 02:05:27,Kadang2 masih suka eror
dody febri aryadi,5,2021-11-03 02:00:45,Nice
Ade Jamal,5,2021-11-03 01:25:02,Bagus
Fauziah Ziah,5,2021-11-03 01:21:58,Sangat membantu
ARFIS Kfive,5,2021-11-03 00:50:39,Minta rating mulu... Udah dikasih bintang lima masih minta aje
yulidar mister,5,2021-11-03 00:39:57,Aplikasinyq cukup bagus dan memuaskan
riki carion,4,2021-11-03 00:34:35,Bagus
Deki Maha Putra,4,2021-11-03 00:29:31,"Lokasi absen sering lambat responnya, dan saya selalu restar hp untuk mencocokan titik koordinat absen.."
Yuli Anto,5,2021-11-03 00:02:05,Lumayan
Paman jaonk Jaonk,5,2021-11-03 00:01:31,Mantap
Anang permadi Anang,3,2021-11-03 00:00:09,Sdh bagus cmn kadang troubel
asih Widodo,5,2021-11-02 23:24:20,Mantap bosss
Agoesbucharie Agoesbucharie,5,2021-11-02 23:00:35,Ok
Siti Magpiroh.co99,4,2021-11-02 15:28:22,Mantapp
dewi susilowati,5,2021-11-02 14:36:16,oke
Rizky Wirmansyah,5,2021-11-02 12:01:35,Mantap. Sangat membantu saya. Terima kasih
Nedya Hestika,2,2021-11-02 11:17:35,Sejak update jadi susah check in... kudu scan muka berkali2.. sering gagal.. padahal sebelum update bisa cepet... jadi ribet.
Taufik Sukron,5,2021-11-02 11:14:39,Ok
Dani Doank,4,2021-11-02 09:31:08,Terima kasih atas Appsensi
maulana malik,1,2021-11-02 09:19:23,"Sinyal stabil,,tapi disaat sudah absen malah tidak masuk absen...hasil nya kena potongan gaji...perbaiki lg masalah bug nya min..."
Rhino Parino,5,2021-11-02 06:22:56,Good jobb
Kharisma Nugraha,5,2021-11-02 05:43:22,ğŸ‘ŒğŸ¼
Mas Gusry,5,2021-11-02 01:42:22,Good
Cover Depan Jogjakarta,3,2021-11-02 01:41:27,Face slalu tdak dikenali...harus berulang kali bisa 5 -10 menit
ade wahyu,5,2021-11-02 01:14:24,Sangat baik
Ronnytua Hutagalung,4,2021-11-02 00:48:59,Mantap
Palangka Raya,3,2021-11-02 00:15:58,Saya sering lambat karena loadingnya terlalu lama
Candra Faris Wijanarko,4,2021-11-02 00:11:55,Masih ada yg harus d perbaiki. Kadang loading lama.
Erna Herliana,4,2021-11-02 00:11:31,Kadang jaringannya susah masuk
sheraina shahnaz nadia,4,2021-11-02 00:04:32,Mantap
Hendrawan Awan,5,2021-11-01 23:04:11,Good aplikssi
Dorland Purba,5,2021-11-01 10:51:50,"Hingga saat ini, menggunakan Appsensi lancar jaya...."
Fajar Setiardi,5,2021-11-01 10:36:10,Ok
difka jamal,3,2021-11-01 01:16:40,Wajah sering kali tidak dikenali walaupun sdh merekam wajah ulang
Iwan Hasanudin,1,2021-11-01 00:28:39,"TAKE FOTO ABSEN SULIT, HARUS >30 MENIT ULANG2. WHY BRO????? APLIKASI SONTOLOYO !!!!!!!!!!!"
VanHouten,4,2021-11-01 00:26:59,"Nice, cuma sering banget errornya, jaringan juga harus kenceng banget. Masih banyak yg harus di benerin"
Haryanto,5,2021-10-30 11:46:26,Prokes tetap berjalan
dcrepes tangcity,5,2021-10-29 15:10:56,Best.
Dede Rahmat,5,2021-10-29 12:22:05,Sangat lancar terkadang. Suka eror
Alfarizky Rizky,5,2021-10-29 10:53:53,Sesuai... Mantap....
encas 2020,1,2021-10-29 08:45:05,Motif rate nya slalu muncul
Firman Bogareslor,4,2021-10-29 08:34:14,Lumayan bagus..
Dedi Suriyanto,5,2021-10-29 08:11:58,Mantap good job
Adam Alif21,3,2021-10-29 02:10:13,Masih suka lemot N ga bisa absen
Iindah Wati,4,2021-10-29 00:49:30,Kadang error maps nya
Guna Andri,5,2021-10-29 00:12:36,Sangat baik
Radar Auri,4,2021-10-28 23:56:29,"Ok, mantap Untuk petanya lebih di tingkatkan"
Rini Susanti,5,2021-10-28 06:18:29,Bagus
D'crepes Gandaria City,3,2021-10-27 15:18:37,Rekomend Bgus sekali
Aris Subagio,5,2021-10-27 01:02:32,Ok
Abdul Rozaq,3,2021-10-26 23:54:28,Butuh pengembangan lebih baik untuk bisa digunakan dengan maksimal
Ari Wawan,2,2021-10-25 03:18:06,Saya sering telat.. masalah nya fotonya lama sering loading..
Dini Muthe,1,2021-10-22 00:33:09,"Habis di update malah face record y error, saya gak bisa absen nih duh"
Rahmat Sabeni,5,2021-10-21 00:57:01,Mantap
Ikhsan Ghafara,5,2021-10-20 22:56:58,ok
Slamet Prayitno,5,2021-10-01 00:14:45,Mantap
Rizky Andi,5,2021-10-01 00:05:09,Ok
Paian Marbun,5,2021-09-28 01:13:30,Sekarang pakai ini absen nya
Bambang Rianto,1,2021-09-15 23:29:25,Biar bintang berbicara
Jahorah Triyanto,5,2021-09-14 01:46:03,Oke
Manto Raharjo,4,2021-08-29 05:51:43,memuaskan
HARI DJAMAL,5,2021-08-29 03:53:11,Mantap ğŸ‘ğŸ‘ğŸ‘
William Allolangi,5,2021-08-16 05:36:35,Sangat akurat dan mudah digunakan
Anton Aryo Handoko,5,2021-08-12 06:19:53,Aplikasi terbaik
Dwi Haryani,5,2021-07-15 03:10:59,Good application
TOPAS TV,1,2021-06-02 01:01:54,Assalamualaikum mohon maaf sebelumnya tolong Don di perbaiki masalah jaringan ini aplikasi kami sebagai pengguna aplikasi ini merasa TDK nyaman.setiap mau absen selalu saja jaringan Titik lokasi salah lah .gaji kami di potong gara gara ini aplikasi .. selalu bikin emosi ...
santoso santoso,5,2021-05-26 15:22:10,"Bagus, saya tiap hari pakai ini untuk absen kantor. Makasih"
Sony Korompis,5,2021-05-10 07:47:07,Mantap banget aplikasinya
gabut gajelas,1,2021-04-29 00:11:32,"Apaan muter"" terus"
Jaka Jul,5,2021-04-05 16:07:09,Pengalaman kerja yang baik dn bertanggung jawab pada kerjaan apa pun kerjaan nya
Agung Pratomo,5,2021-03-18 08:25:11,Mantab
Sahabat Info,1,2021-02-23 06:34:14,Assalamualaikum tolong lah pihak pengembang knp jaringan sangat lemok sekali hampir 1 jam baru bisa masuk loading nya tolong di perbaiki karena kami pake aplikasi ini buat absen..gara gara ini kami telat terus.. tolonglah untuk di perbaiki lagi masalah jaringan.sekian dan terimakasih
widodo wd,5,2021-02-17 01:56:00,Baguss
haryadi haryadi,5,2021-02-17 00:03:55,Mantap
Antok azza,4,2021-02-16 01:09:19,Mantullll...
Septian Arif,5,2021-02-15 23:52:18,Bagus
Bedjo 1212,3,2021-02-15 11:34:58,Baik
Dodi Hartono,5,2021-02-15 09:31:53,Bagus
ardiansyah ardiansyah,4,2021-02-08 00:37:04,Mantap
Kenzie Putra,3,2021-01-18 03:50:58,Hanya bisa wifi aja kalau pake paket data ngk bisa
Lutpi Indriyani,1,2020-12-18 06:51:25,Sumpah demi apa klo ga disuruh wajib pake app ini ajah gua kaga mau download app ini .. lemot klo sinyalnya lagi jelek memorinya terll gede ..... ga semua orang sering upgrade hp terbaru yah !!!!!!
Muhamad Shaleh,5,2020-12-11 10:41:54,Good applicationğŸ‘
ruswan ruswan,1,2020-11-08 23:46:18,Sering tdk mengenali wajah ketika absensi
damasus panular,5,2020-10-21 13:28:51,baik
Jeanne Olivia,5,2020-10-16 12:18:12,Mantap
Puji Rahmawti,5,2020-10-02 00:10:53,"Aplikasi minta di perbarui, tapi pas di perbarui gak bisa2 padahal mesti absen kerja"
Veri Vedri,4,2020-10-01 12:23:29,Kadang error
Muhamad Asrori,5,2020-09-29 11:02:48,"Aplikasi bagus buat absensi, gak perlu absensi manual."
David Tangke Ramba,5,2020-08-19 10:12:06,Sangat baik
Muhammad Ryansudharma,5,2020-08-14 07:17:27,"Sudah OK, semoga perbaikannya2 nya jauh lebih baik lagi"
Om Lambang,5,2020-06-12 09:45:12,Bhinneka Life top aplikasinya modern
Yunia Dewita,1,2020-05-18 14:12:08,"Layar peta MAP nya hitam. Jd tidak muncul petanya. Kalau pas di-update muncul, hanya setelah update saja. Seterusnya kembali hitam lg"
Pengguna Google,5,2020-04-11 00:51:53,Sangat membantu buat marketing disaat WFH seperti ini
Pengguna Google,5,2020-04-09 11:32:31,SipLahğŸ‘
Pengguna Google,5,2020-04-09 01:32:36,Sangat bermanfaat untuk aktivitas kerja
Pengguna Google,5,2020-03-20 10:19:38,Good
Pengguna Google,5,2020-03-11 12:22:48,Masih suka eror
Pengguna Google,5,2019-12-27 12:04:51,"Aplikasi yang sangat bagus, dan memudahkan proses absen lewat mobile cukup dengan memotret wajah / scan wajah. Fitur yang sangat baik, semoga update selanjutnya ada fitur2 chat grup games. Dan lebih banyak lagi pengguna utk aplikasi ini.. Sukses!"
Pengguna Google,2,2019-12-27 02:00:55,"Susah sinyal, error"
Pengguna Google,3,2019-12-27 00:36:44,Aplikasi Sering error dan blank
